{"cameraMode":{"drawMode":0,"name":"Shaded","section":"Shading Mode"},"sceneLighting":true,"audioPlay":false,"sceneViewState":{"showFog":false,"showMaterialUpdate":false,"showSkybox":false,"showFlares":false,"showImageEffects":false,"showParticleSystems":false},"in2DMode":false,"pivot":{"x":9.030906677246094,"y":1.849614143371582,"z":-2.9393277168273927},"rotation":{"x":0.018369605764746667,"y":0.9815754294395447,"z":-0.1291370391845703,"w":0.13962803781032563},"size":10.0,"orthographic":false}